step,train_loss,val_loss,learning_rate,elapsed_seconds
0,1.4374208450317383,1.4578382968902588,0.001,0.9640427000122145
100,1.4178314208984375,1.4486383199691772,0.001,6.695035099983215
200,1.3890491724014282,1.442609429359436,0.001,10.764412999968044
300,1.394120454788208,1.4300181865692139,0.001,14.71388970001135
400,1.3995592594146729,1.4337800741195679,0.001,18.67366299999412
500,1.3980199098587036,1.433687448501587,0.001,22.626975500024855
600,1.393302321434021,1.4433379173278809,0.001,25.96427840006072
700,1.3842756748199463,1.4398705959320068,0.001,27.956239599967375
800,1.3790732622146606,1.4346723556518555,0.001,29.942935700062662
900,1.3892451524734497,1.429441213607788,0.001,31.857121200067922
1000,1.3865569829940796,1.4502229690551758,0.001,33.81403929996304
