epoch,train_loss,train_accuracy,val_loss,val_accuracy,learning_rate,epoch_seconds
1,1.7199856347401936,0.3592222222222222,1.4888054906845092,0.4578,0.1,33.703497399925254
2,1.261335650698344,0.5478888888888889,1.2367995887756347,0.581,0.09997532801828658,38.379690299974754
3,0.9630314141061571,0.6646444444444445,1.0795863423347474,0.6318,0.09990133642141358,37.27526569995098
4,0.7980864696926541,0.7227111111111111,0.8478726852416992,0.7088,0.099778098230154,36.02641369996127
5,0.7055789573139615,0.7602444444444444,0.7639648666381836,0.7396,0.0996057350657239,36.962213000049815
6,0.6342580773247612,0.7834222222222222,0.8830501886367798,0.71,0.09938441702975688,36.44314710004255
7,0.6035757274521721,0.7945555555555556,0.6209149616241455,0.7908,0.09911436253643444,37.1393130000215
8,0.5760930501937866,0.8044666666666667,0.8316942363739014,0.7222,0.09879583809693737,36.22386340005323
9,0.5532560251235962,0.8112888888888888,0.620485585308075,0.793,0.09842915805643156,36.41586459998507
10,0.5404310605578952,0.8168,1.6269096168518067,0.586,0.09801468428384716,36.257683699950576
11,0.5231373054822286,0.8218222222222222,0.7630209510803223,0.7422,0.09755282581475769,36.15973890002351
12,0.5106540978537666,0.8272222222222222,0.7482956035614013,0.7554,0.09704403844771128,36.6804509999929
13,0.5019158444298638,0.8307777777777777,0.662271524143219,0.7768,0.09648882429441258,36.196588800055906
14,0.48441427579985724,0.8380444444444445,0.6008826591491699,0.791,0.09588773128419906,36.281065099989064
15,0.4743213333023919,0.8401555555555555,0.84739018201828,0.741,0.09524135262330098,36.12719509995077
16,0.4639597429169549,0.8421555555555555,0.6531901105880737,0.7874,0.0945503262094184,36.640009300084785
17,0.4569578303760952,0.8454,0.7047941636085511,0.7662,0.09381533400219319,36.380642500007525
18,0.4501899429957072,0.8483777777777778,0.6801593212127686,0.7854,0.0930371013501972,37.01211160002276
19,0.4468514921824137,0.8501111111111112,0.897457799911499,0.7394,0.09221639627510078,36.737307199975476
20,0.4355599685457018,0.8544,0.5144326244831086,0.8304,0.09135402871372812,36.56401840003673
21,0.42335531696743434,0.8582444444444445,0.5568375561714173,0.8212,0.09045084971874741,37.58064070006367
22,0.41795588716400994,0.8589777777777777,0.7187090263843536,0.7754,0.08950775061878455,36.62570560001768
23,0.4149810697184669,0.8614444444444445,0.7421155455589294,0.7708,0.08852566213878948,36.04459850001149
24,0.40850819142659506,0.8643777777777778,1.0183634300231934,0.6864,0.087505553481523,36.99743699992541
25,0.4013239226500193,0.8654,0.5942278466224671,0.8,0.0864484313710706,36.72500380000565
26,0.3929880154715644,0.8666222222222222,0.6218368406295777,0.8022,0.08535533905932739,36.72112320002634
27,0.38457708549499514,0.8719555555555556,0.6706158340454101,0.7898,0.08422735529643445,38.24013739998918
28,0.3851863408141666,0.8710222222222223,0.4713005982875824,0.849,0.08306559326618261,37.17503550008405
29,0.3767703615612454,0.8732888888888889,0.6186045716285705,0.8056,0.0818711994874345,37.10123169992585
30,0.3748996765348646,0.8739555555555556,0.5000990776062012,0.8366,0.08064535268264884,36.42057509999722
31,0.36189458537631564,0.8774888888888889,0.5443156051158905,0.8226,0.07938926261462369,36.14453819999471
32,0.35894774774445426,0.8791111111111111,0.6287264846801758,0.801,0.07810416889260656,36.46916490001604
33,0.35609652987586127,0.8813555555555556,0.4776395077824593,0.8334,0.07679133974894985,36.34434269997291
34,0.3542546173042721,0.8813555555555556,0.6447727149963379,0.7976,0.07545207078751859,36.27286260004621
35,0.3380703263547685,0.8863777777777778,0.516858870601654,0.8232,0.07408768370508578,35.96791319991462
36,0.3382152413580153,0.8866888888888889,0.47621680727005006,0.8474,0.07269952498697736,36.081064399913885
37,0.3307495531876882,0.8888888888888888,0.4152023871421814,0.8644,0.07128896457825365,35.907816100050695
38,0.3237919892523024,0.8911555555555556,0.5611493782043457,0.818,0.06985739453173904,36.12566420005169
39,0.32239317274888357,0.8918888888888888,0.6289312610626221,0.8038,0.06840622763423393,36.454971299972385
40,0.31330618347062006,0.8922888888888889,0.5838313983917236,0.8258,0.0669368960122646,36.346320100012235
41,0.3052361177921295,0.8978888888888888,0.45356357192993163,0.8564,0.0654508497187474,36.34753500006627
42,0.30505001318189834,0.8977777777777778,0.5777263261795044,0.817,0.0639495553019615,35.86608409998007
43,0.3008159990946452,0.8984666666666666,0.4578770478248596,0.8576,0.06243449435824276,35.79237230005674
44,0.2861481150945028,0.9051333333333333,0.6742799560546875,0.8008,0.060907162069827166,36.03193319996353
45,0.27736215629047817,0.9067111111111111,0.41240751276016235,0.8728,0.059369065729286276,36.26853379991371
46,0.27668033582899304,0.9067333333333333,0.4243244333267212,0.8602,0.057821723252011584,36.337370899971575
47,0.26795107856856454,0.9096444444444445,0.41498769483566283,0.863,0.05626666167821526,35.49535880004987
48,0.2701275488747491,0.9088888888888889,0.43206464099884034,0.8582,0.054705415665925745,35.93922770000063
49,0.2612441768010457,0.9129777777777778,0.5083940469741821,0.8452,0.05313952597646571,35.946965000010096
50,0.2453772513601515,0.9182888888888889,0.5945857622146606,0.811,0.051570537953906447,35.950694900006056
51,0.2467345313363605,0.9167333333333333,0.4586522874355316,0.8568,0.05000000000000003,36.5200680999551
52,0.2453168225288391,0.9180888888888888,0.39935150074958803,0.873,0.048429462046093615,35.697660699952394
53,0.227102515106731,0.9232222222222223,0.3954172855377197,0.8698,0.04686047402353436,36.57496420003008
54,0.22204858304659525,0.9244222222222223,0.36475685331225394,0.8852,0.04529458433407431,37.23536479996983
55,0.21724945739905038,0.9264888888888889,0.3870097825527191,0.8824,0.04373333832178482,35.828612399986014
56,0.20505901846355862,0.9310888888888889,0.40231883850097655,0.8694,0.04217827674798848,36.70116449997295
57,0.20526329808102714,0.9300222222222222,0.3441044421672821,0.8898,0.04063093427071379,36.661578400060534
58,0.1943356761402554,0.9348222222222222,0.37113425674438477,0.8846,0.03909283793017291,35.7823650999926
59,0.19142424850463868,0.9355111111111111,0.38362832956314086,0.8836,0.03756550564175728,35.501507400069386
60,0.1830744523551729,0.9385333333333333,0.28676223881840707,0.912,0.036050444698038565,35.75259739998728
61,0.17548564024236468,0.9405777777777777,0.45255018050670626,0.8642,0.03454915028125267,35.848719500005245
62,0.16896253754827711,0.9417111111111112,0.4111535477697849,0.8752,0.03306310398773545,35.775881199981086
63,0.16095631814002992,0.9448222222222222,0.3323139555931091,0.8938,0.03159377236576614,36.15347870008554
64,0.15301388793256548,0.9483555555555555,0.3416548681974411,0.898,0.030142605468260985,35.37046260002535
65,0.14652947394053142,0.9502222222222222,0.337723366355896,0.8978,0.028711035421746387,36.041151299956255
66,0.13995073636637795,0.9519555555555556,0.44152056355476377,0.8776,0.02730047501302268,35.891645599971525
67,0.12449581105973985,0.9582666666666667,0.33511222820281983,0.9032,0.025912316294914247,36.14382750005461
68,0.1205706776936849,0.959,0.3502095914840698,0.8942,0.024547929212481452,36.07815419998951
69,0.11356572995185853,0.9622666666666667,0.40496703079342844,0.8876,0.023208660251050173,36.286252600024454
70,0.10186719541417227,0.9656888888888889,0.3084256438732147,0.9078,0.02189583110739348,37.526107100071386
71,0.09804640628496805,0.9675777777777778,0.2740507479906082,0.9174,0.020610737385376363,36.92333789996337
72,0.09062665277057223,0.9694,0.2981985858440399,0.9098,0.019354647317351183,36.67384730000049
73,0.081407509595818,0.9728,0.3176997762680054,0.9094,0.018128800512565525,37.00499829999171
74,0.07541679511732526,0.9750444444444445,0.2947624228000641,0.9164,0.016934406733817426,36.74733059993014
75,0.069089985162682,0.9772,0.2858537078857422,0.9192,0.015772644703565576,37.84072360000573
76,0.06379053367773692,0.9786,0.27262233772277833,0.923,0.014644660940672639,37.17546549998224
77,0.05244783267445034,0.9832444444444445,0.26269011738300324,0.932,0.013551568628929445,38.60741880000569
78,0.04755300296412574,0.9841555555555556,0.26577638092041017,0.9252,0.012494446518477037,36.75878409994766
79,0.0455552106499672,0.9853555555555555,0.25565998833179476,0.9274,0.011474337861210554,37.13920989993494
80,0.03294202390114467,0.9894,0.26049896893501284,0.9306,0.01049224938121549,37.36541710002348
81,0.02986208713915613,0.9904666666666667,0.24150218979418278,0.9322,0.009549150281252642,38.17253119999077
82,0.02311047898564074,0.9924,0.23965093133747578,0.9388,0.008645971286271927,37.75774679996539
83,0.020795651835203172,0.9931555555555556,0.23013696250915527,0.942,0.007783603724899264,37.67374869994819
84,0.014944220959809091,0.9955111111111111,0.23185044957399367,0.9432,0.006962898649802819,37.38504009996541
85,0.011161776624537177,0.9966666666666667,0.22218094719052314,0.9434,0.0061846659978068265,37.54810549993999
86,0.010594422130783399,0.9970222222222223,0.22675251807048916,0.9446,0.005449673790581615,37.30310849996749
87,0.007512720189574692,0.9980222222222223,0.21931408685296774,0.9474,0.004758647376699036,37.899218200007454
88,0.006169468234313859,0.9988222222222222,0.2141751756809652,0.947,0.004112268715800957,37.33519770007115
89,0.005100093496466677,0.999,0.21882604110836984,0.947,0.003511175705587435,37.81576829997357
90,0.005079368988879853,0.9989555555555556,0.2136371417015791,0.946,0.0029559615522887295,37.320963000063784
91,0.003832633202026288,0.9993333333333333,0.21278094762153923,0.9474,0.0024471741852423253,37.10887390002608
92,0.0034896062530163263,0.9994888888888889,0.21289218806400895,0.9474,0.0019853157161528537,38.17676709999796
93,0.003425666757921378,0.9995777777777778,0.21058024883903562,0.947,0.0015708419435684529,38.37626549997367
94,0.0030748787188281616,0.9996,0.210549171025306,0.947,0.0012041619030626347,38.42938949994277
95,0.0030553464092521205,0.9997333333333334,0.20876710247658192,0.948,0.0008856374635655646,37.84667859994806
96,0.0027995770254068903,0.9997333333333334,0.2083379989527166,0.9478,0.0006155829702431174,36.72706720000133
97,0.0028911613622059425,0.9996444444444444,0.20924075789004565,0.947,0.00039426493427611206,38.05186650005635
98,0.002482643296714458,0.9998666666666667,0.2096702047891915,0.9486,0.00022190176984600036,38.15364820009563
99,0.0030771455867422953,0.9995777777777778,0.2081392844259739,0.9484,9.866357858642213e-05,37.16753560001962
100,0.0029104566839420133,0.9995333333333334,0.20901757735610008,0.9488,2.4671981713420017e-05,38.534333499963395
